"0","body = '"
"0","NumericMatrix mat(matrix);"
"0","try{"
"0","if(mat.nrow() != mat.ncol()){"
"0","  throw std::range_error(""Please input a square matrix"");}"
"0","if(mat.nrow() == mat.ncol()){            "
"0","int max = 0; "
"0","int current;"
"0","for(int j = 0;j < mat.ncol(); j++){"
"0","current = 0;"
"0","for(int i = 0;i < mat.ncol(); i++){"
"0","if(mat(i,j) > 0){"
"0","current += mat(i,j);"
"0","};"
"0","if(mat(i,j) <= 0){"
"0","current -= mat(i,j);"
"0","};}"
"0","if(current > max){"
"0","max = current;"
"0","};};"
"0","return wrap(max);"
"0","}}"
"0",""
"0",""
"0","catch(std:: exception &ex){"
"0","forward_exception_to_r(ex);"
"0","}"
"0",""
"0","'"
