"0","ggplot(pivot_gambler_data, aes(x = Type, y = value, fill = Type)) + "
"0","geom_violin(bw = 2, width=0.5) +"
"0","geom_boxplot(width=0.2, ) +"
"0","labs(x=""Permitted Player Advantages"", y = ""Expected Return (Units of Bet)"") + "
"0","  scale_fill_discrete(name = ""Loss Rate"", labels = c(as.character(sum(gambler_data$None < 0)/length(gambler_data$None)),"
"0","                                                     as.character(sum(gambler_data$Surrender < 0)/length(gambler_data$None)),"
"0","                                                     as.character(sum(gambler_data$`Double Down` < 0)/length(gambler_data$None)),"
"0","                                                     as.character(sum(gambler_data$`Surr. + Dbl. Dwn.` < 0)/length(gambler_data$None)))) +"
"0"," theme(aspect.ratio=.4)"
