"0","#Strategy 1 with no player advantages"
"0","strat_par = full_strategy_par(number_of_simulations = 1000)"
"0","gambler_data_vector =  play_games_gambler(count = 50L, repeats  = 10000, blackjack_return = 1.5,  index = as.numeric(names(strat_par)), optimal = values(strat_par))"
"0","gambler_data = data.frame(""None"" = gambler_data_vector)#Make into dataframe for plotting"
"0","#Strategy 2 with surrender allowed"
"0","strat_par = full_strategy_par(number_of_simulations = 1000, blackjack_return = 1.5, include_surrender = T)"
"0","gambler_data[""Surrender""] =  play_games_gambler(count = 50L, repeats  = 10000, blackjack_return = 1.5,  index = as.numeric(names(strat_par)), optimal = values(strat_par))"
"0","#Strategy 3 with doubling advantages"
"0","strat_par = full_strategy_par(number_of_simulations = 1000, blackjack_return = 1.5, include_double_down = T)"
"0","gambler_data[""Double Down""] =  play_games_gambler(count = 50L, repeats  = 10000, blackjack_return = 1.5,  index = as.numeric(names(strat_par)), optimal = values(strat_par))"
"0","#Strategy 3 with doubling + surrendering advantages"
"0","strat_par = full_strategy_par(number_of_simulations = 1000, blackjack_return = 1.5, include_double_down = T, include_surrender = T, surrender_on_blackjack = T)"
"0","gambler_data[""Surr. + Dbl. Dwn.""] =  play_games_gambler(count = 50L, repeats  = 10000, blackjack_return = 1.5,  index = as.numeric(names(strat_par)), optimal = values(strat_par))"
